{
  "project_info": {
    "project_number": "75278717710",
    "firebase_url": "https://kursovaya-aa100-default-rtdb.europe-west1.firebasedatabase.app",
    "project_id": "kursovaya-aa100",
    "storage_bucket": "kursovaya-aa100.firebasestorage.app"
  },
  "client": [
    {
      "client_info": {
        "mobilesdk_app_id": "1:75278717710:android:48f5f23f102995d58d7d5f",
        "android_client_info": {
          "package_name": "com.example.kursovaya3"
        }
      },
      "oauth_client": [],
      "api_key": [
        {
          "current_key": "AIzaSyBJwyxc0S0KTkJODAyiparj7JMXpnTKxyU"
        }
      ],
      "services": {
        "appinvite_service": {
          "other_platform_oauth_client": []
        }
      }
    }
  ],
  "configuration_version": "1"
}